Anthony_V_Hines,"#Metalayoffs #Stripelayoffs #Twitterlayoffs #Amazonlayoffs 
#opentowork #Coinbaselayoffs #Ringcentrallayoffs #Carvanalayoffs #Zendesklayoffs #laidoff #Salesforcelayoffs https://t.co/ITBF3qmTXR",2023-03-05 20:00:26+00:00,https://twitter.com/Anthony_V_Hines/status/1632471147273936897
Anthony_V_Hines,Job Search Help - Opportunity Comes In Many Ways - https://t.co/scN0lUtG8z via @YouTube #Metalayoffs  #Twitterlayoffs #amazonlayoffs #microsoftlayoffs  #Stripelayoffs #jobsearch #jobseeker #unemployment #opentowork #Coinbaselayoffs #Ringcentrallayoffs #Carvanalayoffs,2023-03-04 18:21:49+00:00,https://twitter.com/Anthony_V_Hines/status/1632083942068084737
Anthony_V_Hines,Job Search Help - You Win Or You Learn - https://t.co/SlkMK93QaQ via @YouTube googlelayoffs #Metalayoffs  #Twitterlayoffs #amazonlayoffs #microsoftlayoffs  #Stripelayoffs #jobsearch #jobseeker #unemployment #opentowork #Coinbaselayoffs #Ringcentrallayoffs #Carvanalayoffs,2023-03-04 17:49:44+00:00,https://twitter.com/Anthony_V_Hines/status/1632075870591483904
Anthony_V_Hines,"Job Search Help - Remove Negativity And Get Better Results - https://t.co/0hHTar28w6 via @YouTube 
 #Metalayoffs  #Twitterlayoffs #amazonlayoffs #microsoftlayoffs  #Stripelayoffs #jobsearch #jobseeker #unemployment #opentowork #Coinbaselayoffs #Ringcentrallayoffs #Carvanalayoffs",2023-03-04 17:34:18+00:00,https://twitter.com/Anthony_V_Hines/status/1632071985374134274
Anthony_V_Hines,Job Search Help - Make Your LinkedIn Profile Pop - https://t.co/y42bLunFow via @YouTube #Metalayoffs  #Twitterlayoffs #amazonlayoffs #microsoftlayoffs  #Stripelayoffs #jobsearch #jobseeker #unemployment #opentowork #Coinbaselayoffs #Ringcentrallayoffs #Carvanalayoffs,2023-03-04 17:27:52+00:00,https://twitter.com/Anthony_V_Hines/status/1632070367144710144
Anthony_V_Hines,Job Search Help - Referral Programs Are There To Be Used - https://t.co/m6zwpFGzJw via @YouTube #Metalayoffs  #Twitterlayoffs #amazonlayoffs #microsoftlayoffs  #Stripelayoffs #jobsearch #jobseeker #unemployment #opentowork #Coinbaselayoffs #Ringcentrallayoffs #Carvanalayoffs,2023-03-04 17:24:39+00:00,https://twitter.com/Anthony_V_Hines/status/1632069556037644288
Anthony_V_Hines,Job Search And Career Help Now Podcasts https://t.co/0tVMemzf2s via @YouTube #googlelayoffs #Metalayoffs  #Twitterlayoffs #amazonlayoffs #microsoftlayoffs  #Stripelayoffs #jobsearch #jobseeker #unemployment #opentowork #Coinbaselayoffs #Ringcentrallayoffs #Carvanalayoffs,2023-03-04 16:50:31+00:00,https://twitter.com/Anthony_V_Hines/status/1632060967772094465
Anthony_V_Hines,"I'm hosting Job Search Help Right Now - How To Recover From Being Ghosted -. Would you like to attend?
https://t.co/FWpxEs0DYB #Metalayoffs #Stripelayoffs #Twitterlayoffs #Amazonlayoffs 
#opentowork #Coinbaselayoffs #Ringcentrallayoffs #Carvanalayoffs #Ze‚Ä¶https://t.co/1K7LxuMfTS",2023-02-22 01:05:32+00:00,https://twitter.com/Anthony_V_Hines/status/1628199274155737089
Anthony_V_Hines,"https://t.co/pSR71xY2gx #Metalayoffs #Stripelayoffs #Twitterlayoffs #Amazonlayoffs 
#opentowork #Coinbaselayoffs #Ringcentrallayoffs #Carvanalayoffs #Zendesklayoffs #laidoff #Salesforcelayoffs",2023-02-20 00:42:09+00:00,https://twitter.com/Anthony_V_Hines/status/1627468614776373248
Anthony_V_Hines,Job Search &amp; Career Help RIGHT NOW - Anthony Hines - https://t.co/Uh0KIoMqAf #googlelayoffs #Metalayoffs  #Twitterlayoffs #amazonlayoffs #microsoftlayoffs  #Stripelayoffs #jobsearch #jobseeker #unemployment #opentowork #Coinbaselayoffs #Ringcentrallayoffs #Carvanalayoffs,2023-02-12 20:53:36+00:00,https://twitter.com/Anthony_V_Hines/status/1624874383528407041
Anthony_V_Hines,"Remember to focus only on you as #1 in a jobsearch. #Metalayoffs #Stripelayoffs #Twitterlayoffs #Amazonlayoffs 
#opentowork #Coinbaselayoffs #Ringcentrallayoffs #Carvanalayoffs #Zendesklayoffs #laidoff #Salesforcelayoffs https://t.co/MrgTxA6o2c",2023-02-12 07:12:31+00:00,https://twitter.com/Anthony_V_Hines/status/1624667753180168193
theholdinvestor,How Layoffs &amp; Tech Layoffs Can Start An Online Business https://t.co/En6zPq5V6K #layoffs2023 #layoff2023 #techlayoffs #techlayoff #readyforwork #openforwork #googlelayoffs #metalayoffs #Microsoftlayoffs #carvanalayoffs #layoffs #OnlineBusiness #makemoneyonline #makemoneyfromhome,2023-02-05 06:40:38+00:00,https://twitter.com/theholdinvestor/status/1622123012030857217
chineduchiana,How To Start An Online Business For Layoffs &amp; Tech Layoffs https://t.co/Yves3pcKcR #layoffs2023 #layoff2023 #techlayoffs #techlayoff #readyforwork #openforwork #googlelayoffs #metalayoffs #Microsoftlayoffs #carvanalayoffs #layoffs #OnlineBusiness #makemoneyonline,2023-02-05 06:35:35+00:00,https://twitter.com/chineduchiana/status/1622121740535988224
Anthony_V_Hines,"#Metalayoffs #Stripelayoffs #Twitterlayoffs #Amazonlayoffs 
#opentowork #Coinbaselayoffs #Ringcentrallayoffs #Carvanalayoffs #Zendesklayoffs #laidoff #Salesforcelayoffs https://t.co/arPiGzvg4d",2023-01-28 20:07:24+00:00,https://twitter.com/Anthony_V_Hines/status/1619426940552712197
Anthony_V_Hines,"Why can‚Äôt this happen for you? #Metalayoffs #Stripelayoffs #Twitterlayoffs #Amazonlayoffs 
#opentowork #Coinbaselayoffs #Ringcentrallayoffs #Carvanalayoffs #Zendesklayoffs #laidoff #Salesforcelayoffs https://t.co/bwZX3AvJRO",2023-01-27 01:35:54+00:00,https://twitter.com/Anthony_V_Hines/status/1618784834632941570
Anthony_V_Hines,Check out this upcoming event I‚Äôll be hosting. #googlelayoffs #Metalayoffs¬†¬†#Twitterlayoffs¬†#amazonlayoffs #microsoftlayoffs  #Stripelayoffs #jobsearch #jobseeker #unemployment #opentowork¬†#Coinbaselayoffs¬†#Ringcentrallayoffs¬†#Carvanalayoffs¬†#Zendesklayof‚Ä¶https://t.co/Bjzlrsec39,2023-01-22 16:58:45+00:00,https://twitter.com/Anthony_V_Hines/status/1617205137285455874
Anthony_V_Hines,"#Metalayoffs #Stripelayoffs #Twitterlayoffs #Amazonlayoffs 
#opentowork #Coinbaselayoffs #Ringcentrallayoffs #Carvanalayoffs #Zendesklayoffs #laidoff https://t.co/zf3lyXFHNw",2022-12-31 23:55:56+00:00,https://twitter.com/Anthony_V_Hines/status/1609337592872329220
Anthony_V_Hines,"I'm hosting Job Search Help RIGHT NOW - Gaining Job Search Confidence FAST -. Would you like to attend?
https://t.co/IIA7VubF9Y #Metalayoffs #Stripelayoffs #Twitterlayoffs #Amazonlayoffs 
#opentowork #Coinbaselayoffs #Ringcentrallayoffs #Carvanalayoffs #Zendesklayoffs #laidoff",2022-12-29 04:15:11+00:00,https://twitter.com/Anthony_V_Hines/status/1608315669002452993
Anthony_V_Hines,"I'm hosting Job Search Help RIGHT NOW - Gaining Job Search Confidence FAST -. Would you like to attend? #Metalayoffs #Stripelayoffs #Twitterlayoffs #Amazonlayoffs 
#opentowork #Coinbaselayoffs #Ringcentrallayoffs #Carvanalayoffs #Zendesklayoffs #laidoff https://t.co/TLsuNl7bBt",2022-12-28 05:40:48+00:00,https://twitter.com/Anthony_V_Hines/status/1607974827775623168
Anthony_V_Hines,"172 signed up already. Woop woop!!! Lets blow this out attendancewise. Get your 2023 started right. #Metalayoffs #Stripelayoffs #Twitterlayoffs #Amazonlayoffs 
#opentowork #Coinbaselayoffs #Ringcentrallayoffs #Carvanalayoffs #Zendesklayoffs #laidoff 

I'm‚Ä¶https://t.co/3IguPVfQkk",2022-12-26 17:07:46+00:00,https://twitter.com/Anthony_V_Hines/status/1607422932266979329
BestCompaniesAZ,"BestCompaniesAZ shares the latest job openings, networking events resume advice and more.

If you have been laid off or are looking for your next career, see our website at: üòÄ

https://t.co/c1YCAlsDEJ

#opentowork #nurolayoffs #techlayoffs #carvanalayoffs #layoffs",2022-12-23 20:01:54+00:00,https://twitter.com/BestCompaniesAZ/status/1606379589999202317
BestCompaniesAZ,"#Layoffs can be very stressful to handle, but luckily, we have your back.

BestCompaniesAZ shares the latest job openings from the BEST companies across the state.

Find your perfect match today at:
https://t.co/c1YCAlsDEJ

#opentowork #nurolayoffs #techlayoffs #carvanalayoffs",2022-12-16 20:01:48+00:00,https://twitter.com/BestCompaniesAZ/status/1603842850352922624
Anthony_V_Hines,"Check out this upcoming event I‚Äôll be hosting. #Metalayoffs #Stripelayoffs #Twitterlayoffs #Amazonlayoffs #jobseeker #jobsearch
#opentowork #Coinbaselayoffs #Ringcentrallayoffs #Carvanalayoffs #Zendesklayoffs #laidoff https://t.co/m00guXA2Li",2022-12-10 22:32:32+00:00,https://twitter.com/Anthony_V_Hines/status/1601706457099124736
BestCompaniesAZ,"If you or anyone you know has experienced a #layoff recently.
Visit our website!!!‚¨áÔ∏è

https://t.co/Zc1R0xVd2K

#OpenToWork  #NuroLayoffs  #techlayoffs  #Carvanalayoffs 
#microsoftlayoffs #amazonlayoffs 
#twitterlayoffs #metalayoffs #doordashlayoffs",2022-12-09 22:00:34+00:00,https://twitter.com/BestCompaniesAZ/status/1601336026076794880
Anthony_V_Hines,"#Metalayoffs #Stripelayoffs #Twitterlayoffs #Amazonlayoffs 
#opentowork #Coinbaselayoffs #Ringcentrallayoffs #Carvanalayoffs #Zendesklayoffs #laidoff 

I'm hosting Job Search Help And Support - Attaining Jobsearch Success Fast -. Would you like to attend? https://t.co/JvcAMSblhZ",2022-12-07 05:59:15+00:00,https://twitter.com/Anthony_V_Hines/status/1600369326002937856
BestCompaniesAZ,"If you or anyone you know has experienced a #layoff recently.
Visit our website!!!‚¨áÔ∏è

https://t.co/Zc1R0xVd2K

#OpenToWork  #NuroLayoffs  #techlayoffs  #Carvanalayoffs 
#microsoftlayoffs #amazonlayoffs 
#twitterlayoffs #metalayoffs #doordashlayoffs",2022-12-05 22:00:40+00:00,https://twitter.com/BestCompaniesAZ/status/1599886499427786755
Anthony_V_Hines,"Linkedin Audio events to help jobseekers. Check them out every Tuesday. https://t.co/YioIs3gMkr via @YouTube #Metalayoffs #Stripelayoffs #Twitterlayoffs #Amazonlayoffs 
#opentowork #Coinbaselayoffs #Ringcentrallayoffs #Carvanalayoffs #Zendesklayoffs #laidoff",2022-12-05 13:00:31+00:00,https://twitter.com/Anthony_V_Hines/status/1599750564300353537
Anthony_V_Hines,"Sign up right now for my LinkedIn audio events. Job seeker help and tipsÔøº #Metalayoffs #Stripelayoffs #Twitterlayoffs #Amazonlayoffs 
#opentowork #Coinbaselayoffs #Ringcentrallayoffs #Carvanalayoffs #Zendesklayoffs #laidoff https://t.co/leJSJZj45T via @YouTube",2022-12-05 04:58:38+00:00,https://twitter.com/Anthony_V_Hines/status/1599629294744936448
Anthony_V_Hines,"Focus On The Number One When Job Seeking. #Metalayoffs #Stripelayoffs #Twitterlayoffs #Amazonlayoffs 
#opentowork #Coinbaselayoffs #Ringcentrallayoffs #Carvanalayoffs #Zendesklayoffs #laidoff https://t.co/D0rYrWRVWN via @YouTube",2022-12-05 04:47:33+00:00,https://twitter.com/Anthony_V_Hines/status/1599626507399606272
USAuptrends,"Layoff: Why Indian IT Companies are Sacking Employees?‚òπÔ∏è
https://t.co/xSqtOki2LS
#layoff #techlayoffs  #thelayoff #carvanalayoffs #oraclelayoffs #shopifylayoffs #wayfairlayoffs #walmartlayoffs https://t.co/6hsMqFpX0d",2022-12-03 17:30:12+00:00,https://twitter.com/USAuptrends/status/1599093659517218816
Anthony_V_Hines,"#Metalayoffs #Stripelayoffs #Twitterlayoffs #Amazonlayoffs 
#opentowork #Coinbaselayoffs #Ringcentrallayoffs #Carvanalayoffs #Zendesklayoffs #laidoff 

Hi my name is Anthony Hines and I have been trying to help jobseekers get their next great opportunity‚Ä¶https://t.co/NqG4BEiG2X",2022-12-03 02:10:52+00:00,https://twitter.com/Anthony_V_Hines/status/1598862300920025088
BestCompaniesAZ,"Layoffs are happening all across the country, and BCAZ is your best resource to respond!

We have the latest job openings, career advice and more all at the click of a button.

Check us out! üíª
https://t.co/TbMgbf0JY8

#OpenToWork #NuroLayoffs #techlayoffs #Carvanalayoffs",2022-12-02 18:30:12+00:00,https://twitter.com/BestCompaniesAZ/status/1598746371317813250
Anthony_V_Hines,"I'm hosting Interviewing The Recruiter With Jill Harris . Would you like to attend? #Metalayoffs #Stripelayoffs #Twitterlayoffs #Amazonlayoffs 
#opentowork #Coinbaselayoffs #Ringcentrallayoffs #Carvanalayoffs #Zendesklayoffs #laidoff https://t.co/m5iL1dP7U7",2022-11-30 20:21:21+00:00,https://twitter.com/Anthony_V_Hines/status/1598049565743226881
Anthony_V_Hines,"Check out this upcoming event I‚Äôll be hosting. #Metalayoffs #Stripelayoffs #Twitterlayoffs #Amazonlayoffs 
#opentowork #Coinbaselayoffs #Ringcentrallayoffs #Carvanalayoffs #Zendesklayoffs #laidoff https://t.co/TKUpQYuNeV",2022-11-27 15:24:15+00:00,https://twitter.com/Anthony_V_Hines/status/1596887633103200256
Anthony_V_Hines,"I'm hosting Job Search Help - Landing A Job During The Holidays -. Would you like to attend? #Metalayoffs #Stripelayoffs #Twitterlayoffs #Amazonlayoffs 
#opentowork #Coinbaselayoffs #Ringcentrallayoffs #Carvanalayoffs #Zendesklayoffs #laidoff https://t.co/otfwCEmmXp",2022-11-23 15:58:54+00:00,https://twitter.com/Anthony_V_Hines/status/1595446801968103424
latestly,"Carvana, US-Based Online Used Car Retailer, Lays Off 8 Percent of Its Workforce

#Carvana #CarRetailer #CarvanaLayoffs #MassLayoffs 

https://t.co/hi1yHoWxYZ",2022-11-19 18:31:40+00:00,https://twitter.com/latestly/status/1594035696616214528
