Anthony_V_Hines,Job Search And Career Help - My Job Search Tips Are Working So Get Them. https://t.co/DLZzQrIgb8 via @YouTube ?  #googlelayoffs #Metalayoffs  #Twitterlayoffs #amazonlayoffs #microsoftlayoffs  #Stripelayoffs #jobsearch #jobseeker #unemployment #opentowork #Coinbaselayoffs,2023-03-27 02:56:29+00:00,https://twitter.com/Anthony_V_Hines/status/1640185997945126913
Anthony_V_Hines,Job Search And Career Help - Getting All The Benefits That You Deserve - https://t.co/uFTmco7bV4 via @YouTube #googlelayoffs #Metalayoffs  #Twitterlayoffs #amazonlayoffs #microsoftlayoffs  #Stripelayoffs #jobsearch #jobseeker #unemployment,2023-03-11 01:45:18+00:00,https://twitter.com/Anthony_V_Hines/status/1634369876419641346
Anthony_V_Hines,Job Search And Career Help - LinkedIn Audio Events Each Tuesday Night Sh... https://t.co/pQPJ6H7GN5 via @YouTube #googlelayoffs #Metalayoffs  #Twitterlayoffs #amazonlayoffs #microsoftlayoffs  #Stripelayoffs #jobsearch #jobseeker #unemployment,2023-03-11 01:40:31+00:00,https://twitter.com/Anthony_V_Hines/status/1634368673065443328
Anthony_V_Hines,Job Search Help - Five Easy Steps To Get Your Job Search Moving - https://t.co/ljg2hoELwe via @YouTube #googlelayoffs #Metalayoffs  #Twitterlayoffs #amazonlayoffs #microsoftlayoffs  #Stripelayoffs #jobsearch #jobseeker #unemployment #opentowork #Coinbaselayoffs,2023-03-05 23:58:03+00:00,https://twitter.com/Anthony_V_Hines/status/1632530947399725056
Anthony_V_Hines,Job Search Help - Check Out My New Job Search YouTube Channel - https://t.co/gD6jWESnwO via @YouTube ?  #googlelayoffs #Metalayoffs  #Twitterlayoffs #amazonlayoffs #microsoftlayoffs  #Stripelayoffs #jobsearch #jobseeker #unemployment #opentowork #Coinbaselayoffs,2023-03-05 23:48:06+00:00,https://twitter.com/Anthony_V_Hines/status/1632528444398481409
Anthony_V_Hines,"#Metalayoffs #Stripelayoffs #Twitterlayoffs #Amazonlayoffs 
#opentowork #Coinbaselayoffs #Ringcentrallayoffs #Carvanalayoffs #Zendesklayoffs #laidoff #Salesforcelayoffs https://t.co/ITBF3qmTXR",2023-03-05 20:00:26+00:00,https://twitter.com/Anthony_V_Hines/status/1632471147273936897
Anthony_V_Hines,Job Search Help - Opportunity Comes In Many Ways - https://t.co/scN0lUtG8z via @YouTube #Metalayoffs  #Twitterlayoffs #amazonlayoffs #microsoftlayoffs  #Stripelayoffs #jobsearch #jobseeker #unemployment #opentowork #Coinbaselayoffs #Ringcentrallayoffs #Carvanalayoffs,2023-03-04 18:21:49+00:00,https://twitter.com/Anthony_V_Hines/status/1632083942068084737
Anthony_V_Hines,Job Search Help - LinkedIn Audio Events Are EXPLODING In Popularity. https://t.co/9OlPtzr4OM via @YouTube #Metalayoffs  #Twitterlayoffs #amazonlayoffs #microsoftlayoffs  #Stripelayoffs #jobsearch #jobseeker #unemployment #opentowork #Coinbaselayoffs #Ringcentrallayoffs,2023-03-04 18:09:28+00:00,https://twitter.com/Anthony_V_Hines/status/1632080835259125767
Anthony_V_Hines,Job Search Help - Focus On Being Positive And People Will Notice Positiv... https://t.co/atPxY6OOct via @YouTube #Metalayoffs  #Twitterlayoffs #amazonlayoffs #microsoftlayoffs  #Stripelayoffs #jobsearch #jobseeker #unemployment #opentowork #Coinbaselayoffs #Ringcentrallayoffs,2023-03-04 18:05:22+00:00,https://twitter.com/Anthony_V_Hines/status/1632079804336930816
Anthony_V_Hines,Job Search Help - You Win Or You Learn - https://t.co/SlkMK93QaQ via @YouTube googlelayoffs #Metalayoffs  #Twitterlayoffs #amazonlayoffs #microsoftlayoffs  #Stripelayoffs #jobsearch #jobseeker #unemployment #opentowork #Coinbaselayoffs #Ringcentrallayoffs #Carvanalayoffs,2023-03-04 17:49:44+00:00,https://twitter.com/Anthony_V_Hines/status/1632075870591483904
Anthony_V_Hines,Job Search Help - Driving Relationships To Get Job Search Support - https://t.co/aJrhcWf6lN via @YouTube #Metalayoffs  #Twitterlayoffs #amazonlayoffs #microsoftlayoffs  #Stripelayoffs #jobsearch #jobseeker #unemployment #opentowork #Coinbaselayoffs #Ringcentrallayoffs,2023-03-04 17:39:23+00:00,https://twitter.com/Anthony_V_Hines/status/1632073266616496128
Anthony_V_Hines,"Job Search Help - Remove Negativity And Get Better Results - https://t.co/0hHTar28w6 via @YouTube 
 #Metalayoffs  #Twitterlayoffs #amazonlayoffs #microsoftlayoffs  #Stripelayoffs #jobsearch #jobseeker #unemployment #opentowork #Coinbaselayoffs #Ringcentrallayoffs #Carvanalayoffs",2023-03-04 17:34:18+00:00,https://twitter.com/Anthony_V_Hines/status/1632071985374134274
Anthony_V_Hines,Job Search Help - Make Your Job Search Progress Start To Happen For You ... https://t.co/bPUwOXCsMH via @YouTube #Metalayoffs  #Twitterlayoffs #amazonlayoffs #microsoftlayoffs  #Stripelayoffs #jobsearch #jobseeker #unemployment #opentowork #Coinbaselayoffs #Ringcentrallayoffs,2023-03-04 17:30:53+00:00,https://twitter.com/Anthony_V_Hines/status/1632071125105557506
Anthony_V_Hines,Job Search Help - Make Your LinkedIn Profile Pop - https://t.co/y42bLunFow via @YouTube #Metalayoffs  #Twitterlayoffs #amazonlayoffs #microsoftlayoffs  #Stripelayoffs #jobsearch #jobseeker #unemployment #opentowork #Coinbaselayoffs #Ringcentrallayoffs #Carvanalayoffs,2023-03-04 17:27:52+00:00,https://twitter.com/Anthony_V_Hines/status/1632070367144710144
Anthony_V_Hines,Job Search Help - Referral Programs Are There To Be Used - https://t.co/m6zwpFGzJw via @YouTube #Metalayoffs  #Twitterlayoffs #amazonlayoffs #microsoftlayoffs  #Stripelayoffs #jobsearch #jobseeker #unemployment #opentowork #Coinbaselayoffs #Ringcentrallayoffs #Carvanalayoffs,2023-03-04 17:24:39+00:00,https://twitter.com/Anthony_V_Hines/status/1632069556037644288
Anthony_V_Hines,Job Search And Career Help Now Podcasts https://t.co/0tVMemzf2s via @YouTube #googlelayoffs #Metalayoffs  #Twitterlayoffs #amazonlayoffs #microsoftlayoffs  #Stripelayoffs #jobsearch #jobseeker #unemployment #opentowork #Coinbaselayoffs #Ringcentrallayoffs #Carvanalayoffs,2023-03-04 16:50:31+00:00,https://twitter.com/Anthony_V_Hines/status/1632060967772094465
Anthony_V_Hines,"I'm hosting Job Search Help Right Now - How To Recover From Being Ghosted -. Would you like to attend?
https://t.co/FWpxEs0DYB #Metalayoffs #Stripelayoffs #Twitterlayoffs #Amazonlayoffs 
#opentowork #Coinbaselayoffs #Ringcentrallayoffs #Carvanalayoffs #Ze‚Ä¶https://t.co/1K7LxuMfTS",2023-02-22 01:05:32+00:00,https://twitter.com/Anthony_V_Hines/status/1628199274155737089
Anthony_V_Hines,"https://t.co/pSR71xY2gx #Metalayoffs #Stripelayoffs #Twitterlayoffs #Amazonlayoffs 
#opentowork #Coinbaselayoffs #Ringcentrallayoffs #Carvanalayoffs #Zendesklayoffs #laidoff #Salesforcelayoffs",2023-02-20 00:42:09+00:00,https://twitter.com/Anthony_V_Hines/status/1627468614776373248
Anthony_V_Hines,Next Tuesday I am hosting Job Search Help Right Now - How To Stay Sane During Your Job Search . Would you like to attend? https://t.co/bduqoJxDd8 #googlelayoffs #Metalayoffs¬†#Twitterlayoffs #amazonlayoffs #microsoftlayoffs¬†#Stripelayoffs #jobsearch #jobse‚Ä¶https://t.co/2px12bCdPf,2023-02-16 01:21:50+00:00,https://twitter.com/Anthony_V_Hines/status/1626029051457536000
Anthony_V_Hines,Job Search &amp; Career Help RIGHT NOW - Anthony Hines - https://t.co/Uh0KIoMqAf #googlelayoffs #Metalayoffs  #Twitterlayoffs #amazonlayoffs #microsoftlayoffs  #Stripelayoffs #jobsearch #jobseeker #unemployment #opentowork #Coinbaselayoffs #Ringcentrallayoffs #Carvanalayoffs,2023-02-12 20:53:36+00:00,https://twitter.com/Anthony_V_Hines/status/1624874383528407041
Anthony_V_Hines,"Remember to focus only on you as #1 in a jobsearch. #Metalayoffs #Stripelayoffs #Twitterlayoffs #Amazonlayoffs 
#opentowork #Coinbaselayoffs #Ringcentrallayoffs #Carvanalayoffs #Zendesklayoffs #laidoff #Salesforcelayoffs https://t.co/MrgTxA6o2c",2023-02-12 07:12:31+00:00,https://twitter.com/Anthony_V_Hines/status/1624667753180168193
Anthony_V_Hines,"#Metalayoffs #Stripelayoffs #Twitterlayoffs #Amazonlayoffs 
#opentowork #Coinbaselayoffs #Ringcentrallayoffs #Carvanalayoffs #Zendesklayoffs #laidoff #Salesforcelayoffs https://t.co/arPiGzvg4d",2023-01-28 20:07:24+00:00,https://twitter.com/Anthony_V_Hines/status/1619426940552712197
Anthony_V_Hines,"Why can‚Äôt this happen for you? #Metalayoffs #Stripelayoffs #Twitterlayoffs #Amazonlayoffs 
#opentowork #Coinbaselayoffs #Ringcentrallayoffs #Carvanalayoffs #Zendesklayoffs #laidoff #Salesforcelayoffs https://t.co/bwZX3AvJRO",2023-01-27 01:35:54+00:00,https://twitter.com/Anthony_V_Hines/status/1618784834632941570
Anthony_V_Hines,Check out this upcoming event I‚Äôll be hosting. #googlelayoffs #Metalayoffs¬†¬†#Twitterlayoffs¬†#amazonlayoffs #microsoftlayoffs  #Stripelayoffs #jobsearch #jobseeker #unemployment #opentowork¬†#Coinbaselayoffs¬†#Ringcentrallayoffs¬†#Carvanalayoffs¬†#Zendesklayof‚Ä¶https://t.co/Bjzlrsec39,2023-01-22 16:58:45+00:00,https://twitter.com/Anthony_V_Hines/status/1617205137285455874
Anthony_V_Hines,"I'm hosting Job Search Help RIGHT NOW - Make Your Job Search Traction Soar In 2023 -. Would you like to attend?
https://t.co/sUy32lVsuB
 #Metalayoffs #Stripelayoffs #Twitterlayoffs #Amazonlayoffs 
#opentowork #Coinbaselayoffs #Ringcentrallayoffs #Carvanal‚Ä¶https://t.co/lFdJMF7E3X",2023-01-05 07:56:11+00:00,https://twitter.com/Anthony_V_Hines/status/1610908000755105792
Anthony_V_Hines,"#Metalayoffs #Stripelayoffs #Twitterlayoffs #Amazonlayoffs 
#opentowork #Coinbaselayoffs #Ringcentrallayoffs #Carvanalayoffs #Zendesklayoffs #laidoff https://t.co/zf3lyXFHNw",2022-12-31 23:55:56+00:00,https://twitter.com/Anthony_V_Hines/status/1609337592872329220
Anthony_V_Hines,"I'm hosting Job Search Help RIGHT NOW - Gaining Job Search Confidence FAST -. Would you like to attend?
https://t.co/IIA7VubF9Y #Metalayoffs #Stripelayoffs #Twitterlayoffs #Amazonlayoffs 
#opentowork #Coinbaselayoffs #Ringcentrallayoffs #Carvanalayoffs #Zendesklayoffs #laidoff",2022-12-29 04:15:11+00:00,https://twitter.com/Anthony_V_Hines/status/1608315669002452993
Anthony_V_Hines,"I'm hosting Job Search Help RIGHT NOW - Gaining Job Search Confidence FAST -. Would you like to attend? #Metalayoffs #Stripelayoffs #Twitterlayoffs #Amazonlayoffs 
#opentowork #Coinbaselayoffs #Ringcentrallayoffs #Carvanalayoffs #Zendesklayoffs #laidoff https://t.co/TLsuNl7bBt",2022-12-28 05:40:48+00:00,https://twitter.com/Anthony_V_Hines/status/1607974827775623168
Anthony_V_Hines,"172 signed up already. Woop woop!!! Lets blow this out attendancewise. Get your 2023 started right. #Metalayoffs #Stripelayoffs #Twitterlayoffs #Amazonlayoffs 
#opentowork #Coinbaselayoffs #Ringcentrallayoffs #Carvanalayoffs #Zendesklayoffs #laidoff 

I'm‚Ä¶https://t.co/3IguPVfQkk",2022-12-26 17:07:46+00:00,https://twitter.com/Anthony_V_Hines/status/1607422932266979329
Anthony_V_Hines,"I'm hosting Job Search Support And Help - Fireworks For Your Search To Start 2023. -. Would you like to attend?
https://t.co/uZgb1EYZRd
#Metalayoffs #Stripelayoffs #Twitterlayoffs #Amazonlayoffs 
#opentowork #Coinbaselayoffs #Ringcentrallayoffs #Carvanala‚Ä¶https://t.co/IHCrRRuEMd",2022-12-21 00:23:01+00:00,https://twitter.com/Anthony_V_Hines/status/1605358142329683968
Anthony_V_Hines,"Check out this upcoming event I‚Äôll be hosting. #Metalayoffs #Stripelayoffs #Twitterlayoffs #Amazonlayoffs #jobseeker #jobsearch
#opentowork #Coinbaselayoffs #Ringcentrallayoffs #Carvanalayoffs #Zendesklayoffs #laidoff https://t.co/m00guXA2Li",2022-12-10 22:32:32+00:00,https://twitter.com/Anthony_V_Hines/status/1601706457099124736
Anthony_V_Hines,"#Metalayoffs #Stripelayoffs #Twitterlayoffs #Amazonlayoffs 
#opentowork #Coinbaselayoffs #Ringcentrallayoffs #Carvanalayoffs #Zendesklayoffs #laidoff 

I'm hosting Job Search Help And Support - Attaining Jobsearch Success Fast -. Would you like to attend? https://t.co/JvcAMSblhZ",2022-12-07 05:59:15+00:00,https://twitter.com/Anthony_V_Hines/status/1600369326002937856
Anthony_V_Hines,"Linkedin Audio events to help jobseekers. Check them out every Tuesday. https://t.co/YioIs3gMkr via @YouTube #Metalayoffs #Stripelayoffs #Twitterlayoffs #Amazonlayoffs 
#opentowork #Coinbaselayoffs #Ringcentrallayoffs #Carvanalayoffs #Zendesklayoffs #laidoff",2022-12-05 13:00:31+00:00,https://twitter.com/Anthony_V_Hines/status/1599750564300353537
Anthony_V_Hines,"Sign up right now for my LinkedIn audio events. Job seeker help and tipsÔøº #Metalayoffs #Stripelayoffs #Twitterlayoffs #Amazonlayoffs 
#opentowork #Coinbaselayoffs #Ringcentrallayoffs #Carvanalayoffs #Zendesklayoffs #laidoff https://t.co/leJSJZj45T via @YouTube",2022-12-05 04:58:38+00:00,https://twitter.com/Anthony_V_Hines/status/1599629294744936448
Anthony_V_Hines,"Focus On The Number One When Job Seeking. #Metalayoffs #Stripelayoffs #Twitterlayoffs #Amazonlayoffs 
#opentowork #Coinbaselayoffs #Ringcentrallayoffs #Carvanalayoffs #Zendesklayoffs #laidoff https://t.co/D0rYrWRVWN via @YouTube",2022-12-05 04:47:33+00:00,https://twitter.com/Anthony_V_Hines/status/1599626507399606272
srs_recruiter,#commentforbetterreach #recruitmentjobs #salesrecruiters #salesrecruiter #talentacquisition #stripelayoffs #metalayoffs #twitterlayoffs #lyftlayoffs https://t.co/SFf5lWaSfc,2022-12-04 01:09:42+00:00,https://twitter.com/srs_recruiter/status/1599209296201482240
Anthony_V_Hines,"#Metalayoffs #Stripelayoffs #Twitterlayoffs #Amazonlayoffs 
#opentowork #Coinbaselayoffs #Ringcentrallayoffs #Carvanalayoffs #Zendesklayoffs #laidoff 

Hi my name is Anthony Hines and I have been trying to help jobseekers get their next great opportunity‚Ä¶https://t.co/NqG4BEiG2X",2022-12-03 02:10:52+00:00,https://twitter.com/Anthony_V_Hines/status/1598862300920025088
Anthony_V_Hines,"I'm hosting Interviewing The Recruiter With Jill Harris . Would you like to attend? #Metalayoffs #Stripelayoffs #Twitterlayoffs #Amazonlayoffs 
#opentowork #Coinbaselayoffs #Ringcentrallayoffs #Carvanalayoffs #Zendesklayoffs #laidoff https://t.co/m5iL1dP7U7",2022-11-30 20:21:21+00:00,https://twitter.com/Anthony_V_Hines/status/1598049565743226881
Anthony_V_Hines,"Check out this upcoming event I‚Äôll be hosting. #Metalayoffs #Stripelayoffs #Twitterlayoffs #Amazonlayoffs 
#opentowork #Coinbaselayoffs #Ringcentrallayoffs #Carvanalayoffs #Zendesklayoffs #laidoff https://t.co/TKUpQYuNeV",2022-11-27 15:24:15+00:00,https://twitter.com/Anthony_V_Hines/status/1596887633103200256
Anthony_V_Hines,"I'm hosting Job Search Help - Landing A Job During The Holidays -. Would you like to attend? #Metalayoffs #Stripelayoffs #Twitterlayoffs #Amazonlayoffs 
#opentowork #Coinbaselayoffs #Ringcentrallayoffs #Carvanalayoffs #Zendesklayoffs #laidoff https://t.co/otfwCEmmXp",2022-11-23 15:58:54+00:00,https://twitter.com/Anthony_V_Hines/status/1595446801968103424
DubLoony,"Might be right up the alley of recently laid off senior devs - research in algorithm transparency for #EU.
#jobfairy #TwitterLayoffs #MetaLayOffs #amazonlayoffs #StripeLayoffs",2022-11-22 11:38:27+00:00,https://twitter.com/DubLoony/status/1595018869864910850
Anthony_V_Hines,"#Metalayoffs #Stripelayoffs #Twitterlayoffs #Amazonlayoffs 
#opentowork #Coinbaselayoffs #Ringcentrallayoffs #Zendesklayoffs #laidoff https://t.co/ifzfIyyCji",2022-11-16 14:56:31+00:00,https://twitter.com/Anthony_V_Hines/status/1592894387381538816
Anthony_V_Hines,"#Metalayoffs #Stripelayoffs #Twitterlayoffs 
#opentowork #Coinbaselayoffs #Ringcentrallayoffs #Zendesklayoffs #laidoff https://t.co/zfP7t8fotK",2022-11-13 18:57:26+00:00,https://twitter.com/Anthony_V_Hines/status/1591867853040402432
Anthony_V_Hines,"I'm hosting Job Search And Career Help  - Turning Rejection Into Success -. Would you like to attend?
https://t.co/DpMHdwErK5. 
Just click the  link above. #Metalayoffs #Stripelayoffs #Twitterlayoffs 
#opentowork #Coinbaselayoffs #Ringcentrallayoffs",2022-11-12 02:15:07+00:00,https://twitter.com/Anthony_V_Hines/status/1591253223062769665
vanngo97,"Please reach out if you have 6+ years experience in software development and 2+ years managerial experience.

#layoffs #engineeringjobs #startup #hiring #tech #metalayoffs #twitterlayoffs #stripelayoffs #openforwork #futureoftech",2022-11-11 21:56:13+00:00,https://twitter.com/vanngo97/status/1591188071839850496
Anthony_V_Hines,"Attention #Jobseekers I am Job Search And Career Help  - Turning Rejection Into Success -. Would you like to attend?
https://t.co/DpMHdwDTUx. 
Just click the  link above and spread the word to all you know #Metalayoffs #Stripelayoffs #Twitterlayoffs 
#opentowork #Gemlayoffs",2022-11-11 17:59:25+00:00,https://twitter.com/Anthony_V_Hines/status/1591128478790844422
EmreDUB,#google #hiring #sales #tech #layoffs #metalayoffs #stripelayoffs #twitterlayoffs #jobs #ecommerce #digital #marketing #ads,2022-11-10 23:39:13+00:00,https://twitter.com/EmreDUB/status/1590851603237867520
jeancjliu,"More details in this post: https://t.co/HMJJ8uNOBd

#tech #layoffs #metamates #metalayoffs #stripelayoffs #oneteam #lovewhereyouworked",2022-11-10 15:41:14+00:00,https://twitter.com/jeancjliu/status/1590731315720376320
DD_Moran,"To be clear i‚Äôm no career coach, i can tell you what happened, what worked, regretted, what learned and what i would do differently. May be make you laugh and think about things a little different #facebooklayoffs #TwitterTakeover #StripeLayoffs",2022-11-10 01:18:00+00:00,https://twitter.com/DD_Moran/status/1590514075829932032
nonistly,Did @MarkZuckerbeg copy/paste/edit the @patrickc layoff letter to employees? #metalayoffs #StripeLayoffs,2022-11-09 23:19:32+00:00,https://twitter.com/nonistly/status/1590484260070502401
wisqinc,"We created a space for anyone who has an https://t.co/hcO4ll9V9x email address. Join your colleagues with this link: https://t.co/Jn7rT4I2EI 

#StripeLayoffs #Layoffs #Belonging #Community",2022-11-09 19:39:14+00:00,https://twitter.com/wisqinc/status/1590428823279271936
writerware,"Stripe #StripeLayoffs

Head of finance looks like this https://t.co/6IlkaZyuQE",2022-11-08 20:32:48+00:00,https://twitter.com/writerware/status/1590079912853254149
writerware,#Stripe #StripeLayoffs https://t.co/YGGr81pzoq,2022-11-07 23:42:24+00:00,https://twitter.com/writerware/status/1589765240564375552
writerware,"#Stripe #StripeLayoffs
14% Fired.

This is what the finance head at Stripe looks like... She wasn't fired. https://t.co/zlENwvWIU5",2022-11-07 23:42:03+00:00,https://twitter.com/writerware/status/1589765151338954754
writerware,#Stripe #StripeLayoffs https://t.co/PPpZ3vuMHA,2022-11-07 23:39:26+00:00,https://twitter.com/writerware/status/1589764495773405184
writerware,14%  #StripeLayoffs https://t.co/Xxw4Ht9Jqo,2022-11-07 23:39:10+00:00,https://twitter.com/writerware/status/1589764428735877125
writerware,"14%

#Stripe #StripeLayoffs",2022-11-07 23:38:41+00:00,https://twitter.com/writerware/status/1589764306580942848
emily_tsitrian,very proud of my OpEd on the #stripelayoffs in the @chitribopinions https://t.co/EKFHjx9xuH,2022-11-07 22:52:46+00:00,https://twitter.com/emily_tsitrian/status/1589752750484893696
WideCare_1,"Apple, Amazon, Intel and others: Tech giants undergoing layoffs and hiring freezes By Indian Express https://t.co/VgNWlY7xJk 

#Microsoft #layoff #Apple #Amazon #Intel #byjus #StripeLayoffs #technology #news #Hiring https://t.co/VYEVDDSUJI",2022-11-07 09:49:11+00:00,https://twitter.com/WideCare_1/status/1589555554682540032
TheREALChina14,@elonmusk @Twitter @stripe #layoffs #TwitterLayoffs #StripeLayoffs people loved working remotely from home at these companies but have problems getting fired remotely. #Hypocrisy #ElonMusk,2022-11-07 09:37:40+00:00,https://twitter.com/TheREALChina14/status/1589552658108424192
recru_in,"Online payments giant #Stripe is laying off roughly 14% of its staff on Thursday.

The cuts are a result of operating costs growing too quickly.

Stripe‚Äôs recruiting division will be hit hardest by the layoffs.

#StripeLayoffs",2022-11-07 09:14:23+00:00,https://twitter.com/recru_in/status/1589546799278493696
44thfloor,"""...The #layoffs that have made the headlines recently, from #StripeLayoffs to #TwitterLayoffs, are concentrated in sectors most-sensitive to interest rates, such as housing &amp; autos, 

And where companies ""over-hired,"" predominantly in technology...""

https://t.co/1aq6WlCBz7",2022-11-07 06:43:03+00:00,https://twitter.com/44thfloor/status/1589508714796810240
Sam_Ford,"Also‚Äîfor #LyftLayoffs and #StripeLayoffs as well, see tweet above.",2022-11-07 02:47:16+00:00,https://twitter.com/Sam_Ford/status/1589449376514347008
Lord_Herugrim,"#PLTR @PalantirTech is hiring! 
#TwitterLayoffs #StripeLayoffs https://t.co/9fyQs5eUa7",2022-11-06 18:19:00+00:00,https://twitter.com/Lord_Herugrim/status/1589321467678044160
TomReilly101,"@Independent_ie Ex-CEO Shanahan left @IDAIRELAND pretty sharply. ü§£
#TwitterLayoffs #Dublin #StripeLayoffs",2022-11-06 11:44:49+00:00,https://twitter.com/TomReilly101/status/1589222266361249792
Anthony_V_Hines,"I'm hosting Job Search Help RIGHT NOW - Dealing With The Pain Of Rejection -. Would you like to attend? #TwitterLayoffs #jobseeker #jobhunt #StripeLayoffs 
https://t.co/V2QMLG6Qt5 Just click the link above and sign up to attend",2022-11-05 23:59:43+00:00,https://twitter.com/Anthony_V_Hines/status/1589044824044630016
tahminawatson,"#immigration options for those facing #techlayoffs #TwitterLayoffs #StripeLayoffs #layoff 
https://t.co/nyYVyDa2jC via @PSBJ",2022-11-05 15:16:12+00:00,https://twitter.com/tahminawatson/status/1588913074601590786
_MastBanda,"Given the current layoffs in the tech industry. For recent graduates and even for experienced tech professionals, I will highly recommend @interview_bit platform. Unlike other platforms, they have a limited set of problems for each topic. 
#TwitterLayoffs #StripeLayoffs",2022-11-05 13:31:42+00:00,https://twitter.com/_MastBanda/status/1588886777066323969
wearewebmakers,"‚ÄúIf you look at the layoffs announced today here and with @stripe, Stripe did it beautifully so I think he‚Äôs ( @elonmusk ) also going to suffer from the fact that he did it on the same 24hr news cycle as someone who did it in a trustbuilding way.‚Äù

#TwitterLayoffs #StripeLayoffs",2022-11-05 12:54:10+00:00,https://twitter.com/wearewebmakers/status/1588877333238358017
Randhir_sh,"Hiring for Java, Python, C#, Data Engineering roles across US. 
Please DM if you‚Äôre looking for new roles.

#job #Techjobs #layoff #TwitterLayoffs #StripeLayoffs",2022-11-05 00:23:06+00:00,https://twitter.com/Randhir_sh/status/1588688319315337216
dwarvesf,"2. @stripe, one of the world‚Äôs most valuable startups, will cut more than 1,000 jobs as it seeks to rein in costs ahead of any economic downturn.

https://t.co/SLq0Y5078l

#StripeLayoffs https://t.co/H6SOhQW6XP",2022-11-05 00:08:29+00:00,https://twitter.com/dwarvesf/status/1588684642437468160
swetaregmi,"#immigrants on visa are impacted more during #layoffs here is why. #StripeLayoffs did amazing for people in visa. 
https://t.co/JM47tfwySk",2022-11-04 22:33:47+00:00,https://twitter.com/swetaregmi/status/1588660810506608640
yuvaaaan,@patrickc Why did you let them go if they were so valuable and good..the comparison must have made you decide they did not meet your standards.  #StripeLayoffs,2022-11-04 22:22:30+00:00,https://twitter.com/yuvaaaan/status/1588657968425279488
tweetchadha,We are hiring for a senior QA automation position in case someone is impacted by #twitterlayoffs #stripelayoffs #lyftlayoffs or just looking for a change. DM me to expedite the interview process &amp; apply here:¬†https://t.co/gKC1TKrCco,2022-11-04 22:20:42+00:00,https://twitter.com/tweetchadha/status/1588657518271926272
EdwardDomain,"More tech layoffs 

#stripe #stripelayoffs #techlayoffs 

https://t.co/I6KjPD1Laf",2022-11-04 22:11:03+00:00,https://twitter.com/EdwardDomain/status/1588655090042548224
JonHBlack_CX,Pouring one out ‚ò† üç∏for all the current unemployed who now have to deal with the competitive flood of #TwitterLayoffs and #StripeLayoffs 'pedigrees',2022-11-04 22:09:41+00:00,https://twitter.com/JonHBlack_CX/status/1588654744603873280
SaaS_group,"@gerardkcohen @m_ott Really sorry to hear this, dear folks affected by #TwitterLayoffs &amp; #StripeLayoffs

At @SaaS_group, we have A LOT of open positions. 
100% remote.
https://t.co/kNGkkWdp64

Please, RT to help other folks, too üôè",2022-11-04 21:41:35+00:00,https://twitter.com/SaaS_group/status/1588647672122310656
jeevjyot,@Atlassian is hiring across the board. Please DM if you find any suitable position(s). Happy to help.   #StripeLayoffs #TwitterLayoffs #lyftLayoffs #layoffs,2022-11-04 21:15:34+00:00,https://twitter.com/jeevjyot/status/1588641125719748608
Kimmmico,Has any Irish employment law buff explained how stripe can lay people off with a record profit in 2021? And how twitter can just cut jobs for the laugh? #TwitterLayoffs #StripeLayoffs,2022-11-04 20:51:19+00:00,https://twitter.com/Kimmmico/status/1588635024307683328
xennygrimmato_,"A recruiter friend of mine at Stripe was let go recently. 
If your company is hiring recruiters in Canada or in the US, please DM.
(it would be great if you can RT for reach!)
#StripeLayoffs",2022-11-04 20:26:00+00:00,https://twitter.com/xennygrimmato_/status/1588628651373101056
MaggieMurph1,The Collison bros when they saw the Twitter email üò¨ #StripeLayoffs #TwitterLayoffs https://t.co/06UXkm77Wb,2022-11-04 20:15:37+00:00,https://twitter.com/MaggieMurph1/status/1588626039927775232
notadiabatic,@bp22 Plenty of tech talent looking for jobs today! #TwitterLayoffs #StripeLayoffs,2022-11-04 19:34:33+00:00,https://twitter.com/notadiabatic/status/1588615704076591107
AnonymousMind16,"These are difficult time man even in tech.

#StripeLayoffs  #layoffs",2022-11-04 18:33:16+00:00,https://twitter.com/AnonymousMind16/status/1588600281066983424
Seanfhear59,Same story...different editorial @IrishTimes #Twitter #StripeLayoffs https://t.co/kr2e2Da4xQ,2022-11-04 18:18:48+00:00,https://twitter.com/Seanfhear59/status/1588596642063998976
c_valenzuelab,"We are hiring for many positions in research, engineering, and GTM.

If you are interested in the future of storytelling and creativity, DMs are open!

https://t.co/rp5A9paiu3

#TwitterLayoffs #StripeLayoffs",2022-11-04 18:07:10+00:00,https://twitter.com/c_valenzuelab/status/1588593714653720576
SaaS_group,"Dear folks affected by #TwitterLayoffs &amp; #StripeLayoffs

At @SaaS_group, we have A LOT of open positions. 
100% remote.
https://t.co/kNGkkWus84

Please, RT to help other folks, too üôè",2022-11-04 17:11:56+00:00,https://twitter.com/SaaS_group/status/1588579814423732224
SaaS_group,#TwitterLayoffs #StripeLayoffs #Lyft,2022-11-04 16:50:01+00:00,https://twitter.com/SaaS_group/status/1588574296968138752
johansonphoto,"Love this concept of a list designed to help those hit by #layoffs. #TwitterLayoffs #LyftLayoffs #HootsuiteLayoffs #StripeLayoffs #OpenDoorLayoffs #ChimeLayoffs #GemLayoffs
https://t.co/jkuekpctvj",2022-11-04 16:31:09+00:00,https://twitter.com/johansonphoto/status/1588569549510963201
jtron9k,"The difference in communication and standards between the #StripeLayoffs  and the #TwitterLayoffs is STAGGERING.

Stripe? A post full of detail, empathy and accountability.

Twitter? Shit show.

I hope both are taught in B schools as examples. @profgalloway make it happen.",2022-11-04 16:16:03+00:00,https://twitter.com/jtron9k/status/1588565749273985024
Leapgen,"In 1 hour we're talking #TwitterLayoffs #StripeLayoffs-the contrast could not be more stark.

We're also joined by Serena Huang, a #PeopleAnalytics leader who pioneers #peopledata @PayPal. She'll share how we can improve #wellnessatwork using data. JOIN US https://t.co/fGx5YijxPT https://t.co/zlBqzb20Zs",2022-11-04 16:00:00+00:00,https://twitter.com/Leapgen/status/1588561712545902592
vrulkr,"Its a horrible day for many of you, my heart goes out to you. Its really painful to lose livelihood and sense of belonging. #TwitterLayoffs #StripeLayoffs",2022-11-04 15:24:04+00:00,https://twitter.com/vrulkr/status/1588552667236040704
rahuld__,"If you've been affected by the layoffs at #StripeLayoffs, #chime, #lyft, #TwitterLayoffs, or anywhere else, I'm happy to help with resume review, cover letters, interview prep, etc. 

DM me!

Also, here's a job board for awesome Chief of Staff roles: https://t.co/gxtnPHc1rU",2022-11-04 14:00:45+00:00,https://twitter.com/rahuld__/status/1588531702041030657
koekelinus,#StripeLayoffs past in een rijtje andere Amerikaanse ontslagrondes: https://t.co/NovamPO7CW,2022-11-04 13:47:00+00:00,https://twitter.com/koekelinus/status/1588528239613718528
garg,"Compare the #TwitterLayoffs to the #StripeLayoffs. Stripe offered 14 weeks severance, bonuses, empathy. Collison had the decency to put his name on the letter. Stripe will have an easier time recruiting in its next growth stage. Twitter may not have another growth stage.",2022-11-04 11:43:32+00:00,https://twitter.com/garg/status/1588497170595913728
brandonjrael,"Mass layoffs are never a good thing. 

It's a traumatic experience for the employees and their families. I have been impacted in the past as well by a mass layoff

Empathy matters 

CEO Patrick Collison email to Stripe employees https://t.co/2DuOXbNcw8 

#stripe #stripelayoffs",2022-11-03 20:28:12+00:00,https://twitter.com/brandonjrael/status/1588266819000803328
