moneycontrolcom,"Yahoo said it will start the process by cutting 1,000 jobs this week.

Read Here üëáüèª
https://t.co/KW5QNoIh3p

#Yahoo #YahooLayoffs #Layoffs",2023-02-11 10:06:11+00:00,https://twitter.com/moneycontrolcom/status/1624349068196737024
soundarc2001,"Yahoo plans to lay off more than 20% of its total 8,600 workforce as part of a major restructuring.

Nearly 1,000 employees will be affected by the cuts by the end of the week.

#Yahoo #layoffs @Yahoo #YahooLayoffs https://t.co/5MgV6eUhu7",2023-02-11 04:33:58+00:00,https://twitter.com/soundarc2001/status/1624265464313708544
NedBotOfficial,"Just remembered my first Yahoo layoff. I was so excited, I ran up to the CEO and barked ""you can't afford me anymore!"" #YahooLayoffs #Yahoo",2023-02-10 14:21:56+00:00,https://twitter.com/NedBotOfficial/status/1624051042856960004
DanitaYadav,"#Yahoo has joined the #Layoffs2023 spree. Around 1,600 employees or over 20% of the workforce would be laid off, especially in the ad tech division.

#YahooLayoffs #Layoffs #LatestNews #NewsUpdates 

https://t.co/zHj4UrxfWE",2023-02-10 12:31:27+00:00,https://twitter.com/DanitaYadav/status/1624023238518132737
TimesNowCareers,"Yahoo Layoffs 2023 to impact 1600 employees in ad tech department

#Yahoo #YahooLayoffs #Layoffs #Layoffs2023 

https://t.co/TC6nWTuf0h",2023-02-10 12:20:00+00:00,https://twitter.com/TimesNowCareers/status/1624020358591553536
MoneyNarad,"Guys layoffs can be challenging, please keep some savings for rainy day.

#layoffs2023 
#yahoolayoffs",2023-02-10 10:47:46+00:00,https://twitter.com/MoneyNarad/status/1623997145044111360
telugu_ism,"Yahoo plans to cut more than 20% of its workforce by the end of 2023

#Yahoo #YahooLayoffs #Jobcutts #Workforce #BreakingNews",2023-02-10 09:48:03+00:00,https://twitter.com/telugu_ism/status/1623982117607862277
HashtaguIn,"Yahoo! Layoff: ‡∞Ø‡∞æ‡∞π‡±Ç ‡∞≤‡±ã 20% ‡∞â‡∞¶‡±ç‡∞Ø‡±ã‡∞ó‡±Å‡∞≤ ‡∞â‡∞¶‡±ç‡∞µ‡∞æ‡∞∏‡∞®!?
#Yahoo #Layoffs #YahooLayoffs #HashtagU 
@Yahoo 
https://t.co/7a0wU4iNyx",2023-02-10 07:45:26+00:00,https://twitter.com/HashtaguIn/status/1623951257521254400
MoneycontrolH,"#companynews - ‡§Ø‡§æ‡§π‡•Ç ‡§®‡•á ‡§ï‡§π‡§æ ‡§ï‡§ø ‡§â‡§∏‡§ï‡•Ä ‡§Ö‡§™‡§®‡•Ä ‡§ï‡•Å‡§≤ ‡§µ‡§∞‡•ç‡§ï‡§´‡•ã‡§∞‡•ç‡§∏ ‡§Æ‡•á‡§Ç 20 ‡§´‡•Ä‡§∏‡§¶‡•Ä ‡§∏‡•á ‡§ú‡•ç‡§Ø‡§æ‡§¶‡§æ ‡§ï‡•Ä ‡§õ‡§Ç‡§ü‡§®‡•Ä ‡§ï‡§∞‡§®‡•á ‡§ï‡•Ä ‡§Ø‡•ã‡§ú‡§®‡§æ ‡§π‡•à‡•§ 

‡§™‡•Ç‡§∞‡•Ä ‡§ñ‡§º‡§¨‡§∞ ‡§™‡§¢‡§º‡§®‡•á ‡§ï‡•á ‡§≤‡§ø‡§è ‡§®‡•Ä‡§ö‡•á ‡§ï‡•ç‡§≤‡§ø‡§ï ‡§ï‡§∞‡•á‡§Ç üëá
https://t.co/7C53vLQMOY

.
@Yahoo 
.
.
.
#layoffs2023 #Yahoo #layoffs #company #unemployment #yahoolayoffs #LatestNews #moneycontrol https://t.co/JlkvdCe3Oi",2023-02-10 06:31:50+00:00,https://twitter.com/MoneycontrolH/status/1623932735759990784
HashtaguIn,"Yahoo Layoffs: ‡∞â‡∞¶‡±ç‡∞Ø‡±ã‡∞ó‡±Å‡∞≤‡∞ï‡±Å ‡∞∑‡∞æ‡∞ï‡±ç ‡∞á‡∞µ‡±ç‡∞µ‡∞®‡±Å‡∞®‡±ç‡∞® ‡∞Ø‡∞æ‡∞π‡±Ç.. 1600 ‡∞Æ‡∞Ç‡∞¶‡∞ø‡∞ï‡∞ø ‡∞™‡±à‡∞ó‡∞æ ‡∞™‡±ç‡∞∞‡∞≠‡∞æ‡∞µ‡∞Ç?
#Yahoo #Layoffs #YahooLayoffs #HashtagU @Yahoo 
https://t.co/xNQhij4kG4",2023-02-10 06:28:25+00:00,https://twitter.com/HashtaguIn/status/1623931876598779905
ttindia,"Yahoo to layoff more than 20 per cent of staff as it shrinks ad business. 

#Yahoo #Layoffs #YahooLayoffs 

https://t.co/C8vH7wRPCZ",2023-02-10 06:21:34+00:00,https://twitter.com/ttindia/status/1623930152169385984
MoneycontrolH,"#layoffs2023 - ‡§Ö‡§¨ ‡§Ø‡§æ‡§π‡•Ç ‡§Æ‡•á‡§Ç ‡§õ‡§Ç‡§ü‡§®‡•Ä ‡§ï‡•Ä ‡§§‡•à‡§Ø‡§æ‡§∞‡•Ä, 20 ‡§´‡•Ä‡§∏‡§¶‡•Ä ‡§∏‡•á ‡§Ö‡§ß‡§ø‡§ï ‡§ï‡§∞‡•ç‡§Æ‡§ö‡§æ‡§∞‡§ø‡§Ø‡•ã‡§Ç ‡§ï‡•ã ‡§®‡•å‡§ï‡§∞‡•Ä ‡§∏‡•á ‡§®‡§ø‡§ï‡§æ‡§≤‡•á‡§ó‡•Ä ‡§ï‡§Ç‡§™‡§®‡•Ä! 

@Yahoo 

#Yahoo #layoffs #company #unemployment #yahoolayoffs #LatestNews #moneycontrol
https://t.co/7C53vLQMOY",2023-02-10 05:47:54+00:00,https://twitter.com/MoneycontrolH/status/1623921681483063298
latestly,"Yahoo Layoffs: US Technology Company To Sack 1,600 Employees, Ad Tech Business Most Impacted
@Yahoo
#YahooLayoffs #Yahoo #YahooEmployees #AdTechBusiness #Layoffs

https://t.co/VnxbDGJjWE",2023-02-10 04:59:52+00:00,https://twitter.com/latestly/status/1623909595294085122
htmarathi,"Yahoo layoffs : ‡§Ø‡§æ‡§π‡•Ç‡§Æ‡§ß‡•ç‡§Ø‡•á ‡§π‡•ã‡§£‡§æ‡§∞ ‡§ï‡§∞‡•ç‡§Æ‡§ö‡§æ‡§∞‡•Ä ‡§ï‡§™‡§æ‡§§, ‡•ß‡•¶‡•¶‡•¶ ‡§ï‡§∞‡•ç‡§Æ‡§ö‡§æ‡§±‡•ç‡§Ø‡§æ‡§Ç‡§®‡§æ ‡§¶‡§æ‡§ñ‡§µ‡§£‡§æ‡§∞ ‡§ò‡§∞‡§ö‡§æ ‡§∞‡§∏‡•ç‡§§‡§æ
#Yahoo #YahooNews #yahoolayoffs 

https://t.co/LtRHJWtEGs",2023-02-10 04:29:15+00:00,https://twitter.com/htmarathi/status/1623901889489403905
